url,title,content,search_term,page,position,type,image,company,domain,Date,Country
https://scholar.google.fr/scholar?q=Monitor*+AND+Report*+AND+Verif*+AND+MRV+AND+soil*&hl=fr&as_sdt=0&as_vis=1&oi=scholart,Articles universitaires correspondant aux termes Monitor* AND Report* AND Verif* AND MRV AND soil*,"Articles universitaires correspondant aux termes Monitor* AND Report* AND Verif* AND MRV AND soil*
… -ecosystem monitoring, reporting and verification (MRV … - Batjes - Cité 5 fois
… agricultural monitoring, reporting, and verification (MRV … - Brummitt - Cité 3 fois
Agricultural Monitoring and Evaluation Systems: What … - Wilkes - Cité 10 fois",Monitor* AND Report* AND Verif* AND MRV AND soil*,1,1,SEO,No,google,scholar.google.fr,2025-04-17,Germany
https://www.horizon-europe.gouv.fr/monitoring-reporting-and-verification-soil-carbon-and-greenhouse-gases-balance-30587,"Monitoring, reporting and verification of soil carbon and ...","Monitoring, reporting and verification of soil carbon and ...
Horizon-europe.gouv.fr
https://www.horizon-europe.gouv.fr › ...
·
Traduire cette page
Monitoring, reporting and verification of soil carbon and greenhouse gases ... reporting and verifying (MRV) the gains or losses in the carbon sequestered.",Monitor* AND Report* AND Verif* AND MRV AND soil*,1,3,SEO,No,horizon-europe,www.horizon-europe.gouv.fr,2025-04-17,Germany
"https://unece.org/sustainable-energy/monitoring-reporting-and-verification-mrv#:~:text=Monitoring%2C%20reporting%20and%20verification%20(MRV,the%20most%20promising%20mitigation%20opportunities.",,"Autres questions
What is mrv monitoring, reporting, and verification?
What is the soil monitoring method?
How do you monitor soil quality?
What are the soil monitoring parameters?
Commentaires",Monitor* AND Report* AND Verif* AND MRV AND soil*,1,4,SEO,No,unece,unece.org,2025-04-17,Germany
https://cordis.europa.eu/programme/id/HORIZON_HORIZON-MISS-2022-SOIL-01-05/fr,"Monitoring, reporting and verification of soil carbon ... - CORDIS","Monitoring, reporting and verification of soil carbon ... - CORDIS
CORDIS
https://cordis.europa.eu › HORIZO...
·
Traduire cette page
27 juin 2022 — It will be essential to standardise methodologies and rules for monitoring, reporting and verifying (MRV) the gains or losses in the carbon sequestered.",Monitor* AND Report* AND Verif* AND MRV AND soil*,1,5,SEO,No,europa,cordis.europa.eu,2025-04-17,Germany
https://www.sciencedirect.com/science/article/pii/S0301479724022709,"Solutions and insights for agricultural monitoring, reporting ...","Solutions and insights for agricultural monitoring, reporting ...
ScienceDirect.com
https://www.sciencedirect.com › pii
·
Traduire cette page
de CD Brummitt · 2024 · Cité 3 fois — Research article. Solutions and insights for agricultural monitoring, reporting, and verification (MRV) from three consecutive issuances of soil carbon credits.",Monitor* AND Report* AND Verif* AND MRV AND soil*,1,6,SEO,No,sciencedirect,www.sciencedirect.com,2025-04-17,Germany
https://www.deloitte.com/fr/fr/services/consulting-risk/analysis/comment-quantifier-verifier-et-piloter-l-impact-des-pratiques-agroecologiques-sur-la-sante-des-sols-et-la-sequestration-du-carbone.html,"Comment quantifier, vérifier et piloter l'impact des pratiques ...","Comment quantifier, vérifier et piloter l'impact des pratiques ...
Deloitte
https://www.deloitte.com › ... › Risk Advisory
27 mai 2024 — Les outils MRV ( monitoring, reporting, verification ) au service des stratégies de décarbonation des entreprises de l'agro.",Monitor* AND Report* AND Verif* AND MRV AND soil*,1,7,SEO,No,deloitte,www.deloitte.com,2025-04-17,Germany
https://4p1000.org/mrv-systems-related-to-soil-health-and-the-4-per-1000-initiative/,MRV systems related to Soil health in the context of ...,"MRV systems related to Soil health in the context of ...
4P1000
https://4p1000.org › mrv-systems...
·
Traduire cette page
This webinar has explored the critical issue of Measurement, Reporting, and Verification (MRV) for soil carbon stocks.",Monitor* AND Report* AND Verif* AND MRV AND soil*,1,8,SEO,No,4p1000,4p1000.org,2025-04-17,Germany
https://unece.org/sustainable-energy/monitoring-reporting-and-verification-mrv,"Monitoring, Reporting, and Verification (MRV)","Monitoring, Reporting, and Verification (MRV)
UNECE
https://unece.org › monitoring-rep...
·
Traduire cette page
Monitoring, reporting and verification (MRV) programmes at local level help governments to better understand the local coal mining industry's contribution to ...",Monitor* AND Report* AND Verif* AND MRV AND soil*,1,9,SEO,No,unece,unece.org,2025-04-17,Germany
https://www.isric.org/news/new-paper-towards-modular-multi-ecosystem-mrv-framework-soil-organic-carbon-stock-change,"Towards a modular, multi-ecosystem MRV framework for ...","Towards a modular, multi-ecosystem MRV framework for ...
ISRIC — World Soil Information
https://www.isric.org › news › ne...
·
Traduire cette page
21 oct. 2024 — A new open access paper titled, “Towards a modular, multi-ecosystem Monitoring, Reporting and Verification (MRV) framework for soil organic carbon stock change ...",Monitor* AND Report* AND Verif* AND MRV AND soil*,1,10,SEO,No,isric,www.isric.org,2025-04-17,Germany
https://www.deloitte.com/fr/fr/services/consulting-risk/analysis/how-to-quantify-verify-and-manage-the-impact-of-agroecological-practices-on-soil-health-and-carbon-sequestration.html,"How to quantify, verify, and manage the impact of ...","How to quantify, verify, and manage the impact of ...
Deloitte
https://www.deloitte.com › analysis
·
Traduire cette page
How to quantify, verify, and manage the impact of agroecological practices on soil health and carbon sequestration? MRV (monitoring, reporting, verification) ...",Monitor* AND Report* AND Verif* AND MRV AND soil*,1,11,SEO,No,deloitte,www.deloitte.com,2025-04-17,Germany
https://www.bsag.fi/en/projects/marvic/,"Monitoring, reporting and verifying carbon balances in ...","Monitoring, reporting and verifying carbon balances in ...
Baltic Sea Action Group (BSAG)
https://www.bsag.fi › ... › Projects
·
Traduire cette page
The project develops and tests a framework for the design of harmonized, context-specific Monitoring, Reporting and Verification (MRV) systems for soil carbon ...",Monitor* AND Report* AND Verif* AND MRV AND soil*,1,12,SEO,No,bsag,www.bsag.fi,2025-04-17,Germany
https://librairie.ademe.fr/air/5334-evaluation-and-monitoring-methodologies-for-soil-carbon-balance-and-recommendations-for-drafting-a-low-carbon-label-method.html,Evaluation and monitoring methodologies for soil carbon ...,"Evaluation and monitoring methodologies for soil carbon ...
La librairie ADEME
https://librairie.ademe.fr › Thématique › Air
Evaluation and monitoring methodologies for soil carbon balance and recommendations for drafting a low carbon label method ... MRV (Monitoring Reporting ...",Monitor* AND Report* AND Verif* AND MRV AND soil*,1,13,SEO,No,ademe,librairie.ademe.fr,2025-04-17,Germany
https://www.un-redd.org/sites/default/files/2021-10/NFMS-V02-web.pdf,National Forest Monitoring Systems,"National Forest Monitoring Systems
UNREDD Programme
https://www.un-redd.org › files › NFMS-V02-web
PDF
Programme approach to Monitoring and Measurement, Reporting and Verification (M & MRV) requirements. ... Monitoring and MRV Phases. Satellite Land Monitoring.
34 pages",Monitor* AND Report* AND Verif* AND MRV AND soil*,2,1,SEO,No,un-redd,www.un-redd.org,2025-04-17,Germany
https://www.tandfonline.com/doi/full/10.1080/17583004.2024.2410812,"Towards a modular, multi-ecosystem monitoring, reporting ...","Towards a modular, multi-ecosystem monitoring, reporting ...
Taylor & Francis Online
https://www.tandfonline.com › full
·
Traduire cette page
de NH Batjes · 2024 · Cité 5 fois — While most Monitoring, Reporting and Verification (MRV) schemes focus on total SOC, it should be noted that the carbon in soils consists of different forms ...",Monitor* AND Report* AND Verif* AND MRV AND soil*,2,2,SEO,No,tandfonline,www.tandfonline.com,2025-04-17,Germany
https://www.causeartist.com/monitoring-reporting-verification-mrv/,"Explained: Monitoring, Reporting, and Verification (MRV)","Explained: Monitoring, Reporting, and Verification (MRV)
Causeartist
https://www.causeartist.com › mo...
·
Traduire cette page
5 nov. 2024 — Monitoring, Reporting, and Verification (MRV) refers to an approach that organizations and governments use to track environmental metrics.",Monitor* AND Report* AND Verif* AND MRV AND soil*,2,3,SEO,No,causeartist,www.causeartist.com,2025-04-17,Germany
https://agritrop.cirad.fr/610556,"Towards a modular, multi-ecosystem monitoring, reporting ...","Towards a modular, multi-ecosystem monitoring, reporting ...
Agritrop
https://agritrop.cirad.fr › ...
de NH Batjes · 2024 · Cité 5 fois — Towards a modular, multi-ecosystem monitoring, reporting and verification (MRV) framework for soil organic carbon stock change assessment. Batjes Niels H ...",Monitor* AND Report* AND Verif* AND MRV AND soil*,2,4,SEO,No,cirad,agritrop.cirad.fr,2025-04-17,Germany
https://gi.copernicus.org/articles/11/93/2022/,"Towards agricultural soil carbon monitoring, reporting, and ...","Towards agricultural soil carbon monitoring, reporting, and ...
Copernicus.org
https://gi.copernicus.org › articles
·
Traduire cette page
de O Nevalainen · 2021 · Cité 34 fois — Better monitoring, reporting, and verification (MRV) of the amount, additionality, and persistence of the sequestered soil carbon is needed ...",Monitor* AND Report* AND Verif* AND MRV AND soil*,2,5,SEO,No,copernicus,gi.copernicus.org,2025-04-17,Germany
https://openknowledge.fao.org/server/api/core/bitstreams/e8781eb7-83c2-4ade-980b-f5872603bcb1/content,GSOC MRV - FAO Knowledge Repository,"GSOC MRV - FAO Knowledge Repository
FAO Knowledge Repository
https://openknowledge.fao.org › core › content
PDF
7 sept. 2020 — A protocol for measurement, monitoring, reporting and verification of soil organic carbon in agricultural landscapes – GSOC-MRV Protocol.",Monitor* AND Report* AND Verif* AND MRV AND soil*,2,6,SEO,No,fao,openknowledge.fao.org,2025-04-17,Germany
https://www.lse.ac.uk/granthaminstitute/news/introducing-a-new-tool-for-monitoring-reporting-and-verifying-co2-removals/,"Introducing a new tool for monitoring, reporting and ...","Introducing a new tool for monitoring, reporting and ...
LSE
https://www.lse.ac.uk › news › int...
·
Traduire cette page
30 oct. 2024 — A new interactive visualisation of the landscape for monitoring, reporting and verification of carbon dioxide removal methods.",Monitor* AND Report* AND Verif* AND MRV AND soil*,2,7,SEO,No,lse,www.lse.ac.uk,2025-04-17,Germany
https://www.icos-cp.eu/fluxes/3/successes-and-challenges-when-using-mrv,Successes and challenges when using MRV | ICOS,"Successes and challenges when using MRV | ICOS
ICOS - Integrated Carbon Observation System
https://www.icos-cp.eu › fluxes
·
Traduire cette page
Scientists across Europe are developing effective Monitoring, Reporting and Verification (MRV) systems, relying on high-quality data.",Monitor* AND Report* AND Verif* AND MRV AND soil*,2,8,SEO,No,icos-cp,www.icos-cp.eu,2025-04-17,Germany
https://pubmed.ncbi.nlm.nih.gov/31469216/,"How to measure, report and verify soil carbon change ...","How to measure, report and verify soil carbon change ...
National Institutes of Health (NIH) (.gov)
https://pubmed.ncbi.nlm.nih.gov › ...
·
Traduire cette page
de P Smith · 2020 · Cité 620 fois — How to measure, report and verify soil ... monitoring, reporting and verification (MRV) platforms, both for national reporting and for emissions trading.",Monitor* AND Report* AND Verif* AND MRV AND soil*,2,9,SEO,No,nih,pubmed.ncbi.nlm.nih.gov,2025-04-17,Germany
https://ilvo.vlaanderen.be/en/research-projects/developing-and-testing-a-framework-for-the-design-of-harmonized-context-specific-monitoring-reporting-and-verification-systems-for-soil-carbon-and-greenhouse-gas-balances-by-agricultural-activities,"Monitoring, reporting and verifying carbon and greenhouse ...","Monitoring, reporting and verifying carbon and greenhouse ...
ILVO Vlaanderen
https://ilvo.vlaanderen.be › develo...
·
Traduire cette page
1 juin 2023 — General introduction. How can we properly and efficiently monitor, report and verify changes in carbon stocks in European soils (and in ...",Monitor* AND Report* AND Verif* AND MRV AND soil*,2,10,SEO,No,vlaanderen,ilvo.vlaanderen.be,2025-04-17,Germany
https://irc-orcasa.eu/wp-content/uploads/2024/07/ORCaSa-D4.1.pdf,D4.1 INTERNATIONAL REVIEW OF CURRENT MRV ...,"D4.1 INTERNATIONAL REVIEW OF CURRENT MRV ...
irc-orcasa.eu
https://irc-orcasa.eu › 2024/07 › ORCaSa-D4.1.pdf
PDF
INTERNATIONAL REVIEW OF CURRENT MRV INITIATIVES FOR SOIL. CARBON STOCK ... Building blocks of a soil monitoring, reporting and verification framework.",Monitor* AND Report* AND Verif* AND MRV AND soil*,3,1,SEO,No,irc-orcasa,irc-orcasa.eu,2025-04-17,Germany
https://canza.ca/framework-for-building-a-monitoring-measurement-reporting-and-verification-mrv-system-for-soil-organic-carbon-november-2023/,"Framework for Building a Monitoring, Measurement, Reporting ...","Framework for Building a Monitoring, Measurement, Reporting ...
canza.ca
https://canza.ca › framework-for-...
·
Traduire cette page
This report provides an overview of CANZA's approach to developing a Monitoring, Measurement, Reporting and Verification (MRV) system.",Monitor* AND Report* AND Verif* AND MRV AND soil*,3,2,SEO,No,canza,canza.ca,2025-04-17,Germany
https://hal.inrae.fr/hal-04221994v1/document,towards a MRV operational system for soil Carbon monitoring,"towards a MRV operational system for soil Carbon monitoring
INRAE
https://hal.inrae.fr › document
PDF
28 sept. 2023 — Need for credible and reliable measurement/monitoring, reporting and verification (MRV) platforms, both for national reporting (NDCs) and for.",Monitor* AND Report* AND Verif* AND MRV AND soil*,3,3,SEO,No,inrae,hal.inrae.fr,2025-04-17,Germany
https://agritrop.cirad.fr/610556/1/Batjes2024%20Towards%20a%20modular%20multi-ecosystem%20monitoring%20reporting%20and%20verification%20MRV%20framework.pdf,"Towards a modular, multi-ecosystem monitoring, reporting ...","Towards a modular, multi-ecosystem monitoring, reporting ...
Cirad - Agritrop
https://agritrop.cirad.fr › Batjes2024 Towards a ...
PDF
de NH Batjes · 2024 · Cité 5 fois — REVIEW ARTICLE. Towards a modular, multi-ecosystem monitoring, reporting and verification (MRV) framework for soil organic carbon stock change.
26 pages",Monitor* AND Report* AND Verif* AND MRV AND soil*,3,4,SEO,No,cirad,agritrop.cirad.fr,2025-04-17,Germany
https://carbon180.medium.com/the-value-of-monitoring-soil-d45b0b5ca33c,The value of monitoring soil - Carbon180 - Medium,"The value of monitoring soil - Carbon180 - Medium
Medium · Carbon180
Plus de 160 ""J'aime"" · il y a 5 ans
Building that confidence depends on having trusted monitoring, reporting, and verification, or “MRV” protocols, that are both cheap and ...",Monitor* AND Report* AND Verif* AND MRV AND soil*,3,5,SEO,No,medium,carbon180.medium.com,2025-04-17,Germany
https://openknowledge.fao.org/server/api/core/bitstreams/c6d1293d-2f14-410f-ab3d-e30fc21fd95c/content,"Monitoring, reporting, and verification of soil carbon ...","Monitoring, reporting, and verification of soil carbon ...
FAO Knowledge Repository
https://openknowledge.fao.org › core › content
PDF
23 mars 2017 — Canada's investments in MRV of cropland SOC status has enabled more informed decision making regarding soil management practices and policy.",Monitor* AND Report* AND Verif* AND MRV AND soil*,3,6,SEO,No,fao,openknowledge.fao.org,2025-04-17,Germany
https://pureportal.ilvo.be/en/publications/monitoring-reporting-and-verification-mrv-for-carbon-farming,"Monitoring, Reporting and Verification (MRV) for carbon ...","Monitoring, Reporting and Verification (MRV) for carbon ...
Vlaanderen.be
https://pureportal.ilvo.be › monitor...
·
Traduire cette page
de G Ruysschaert · 2024 — MARVIC: Developing and testing a framework for the design of harmonized, context-specific Monitoring, Reporting and Verification systems for ...",Monitor* AND Report* AND Verif* AND MRV AND soil*,3,7,SEO,No,ilvo,pureportal.ilvo.be,2025-04-17,Germany
https://www.sustain-cert.com/documents/digital-measurement-reporting-verification/download,"Assessment of Digital Measurement, Reporting, and ...","Assessment of Digital Measurement, Reporting, and ...
SustainCERT
https://www.sustain-cert.com › download
PDF
The monitoring, reporting, and verification (MRV) of the impacts of climate change mitigation activities is an essential part of the project cycle for all ...",Monitor* AND Report* AND Verif* AND MRV AND soil*,3,8,SEO,No,sustain-cert,www.sustain-cert.com,2025-04-17,Germany
https://www.uncclearn.org/wp-content/uploads/library/undp-lecb-measurement-reporting-mrv-technical-paper-201x.pdf,"MEASUREMENT, REPORTING AND VERIFICATION (MRV ...","MEASUREMENT, REPORTING AND VERIFICATION (MRV ...
UNCC:Learn
https://www.uncclearn.org › uploads › library
PDF
MRV enables countries to meet international reporting requirements such as National Communications, Biennial Update. Reports, and National Greenhouse Gas (GHG) ...",Monitor* AND Report* AND Verif* AND MRV AND soil*,3,9,SEO,No,uncclearn,www.uncclearn.org,2025-04-17,Germany
https://publications.jrc.ec.europa.eu/repository/bitstream/JRC66514/lb-na-24932-en-c%20.pdf,"Monitoring, Reporting and Verification systems for Carbon in ...","Monitoring, Reporting and Verification systems for Carbon in ...
JRC Publications Repository
https://publications.jrc.ec.europa.eu › JRC66514
PDF
de D de Brogniez · 2011 · Cité 9 fois — ... monitoring, reporting and verifying (MRV) soil carbon benefits in sustainable land management (SLM) and GHG mitigation projects. As such, its scope is more ...",Monitor* AND Report* AND Verif* AND MRV AND soil*,3,10,SEO,No,europa,publications.jrc.ec.europa.eu,2025-04-17,Germany
https://www.sustain-cert.com/documents/digital-measurement-reporting-verification/download,"Assessment of Digital Measurement, Reporting, and ...","Assessment of Digital Measurement, Reporting, and ...
SustainCERT
https://www.sustain-cert.com › download
PDF
The monitoring, reporting, and verification (MRV) of the impacts of climate change mitigation activities is an essential part of the project cycle for all ...",Monitor* AND Report* AND Verif* AND MRV AND soil*,4,1,SEO,No,sustain-cert,www.sustain-cert.com,2025-04-17,Germany
https://pmiclimate.org/publication/digital-monitoring-reporting-and-verification-systems-and-their-application-future,"Digital Monitoring, Reporting, and Verification Systems and ...","Digital Monitoring, Reporting, and Verification Systems and ...
Partnership for Market Implementation | PMI
https://pmiclimate.org › publication
·
Traduire cette page
31 mai 2022 — The purpose of this technical report is to illustrate the need for digital monitoring, reporting, and verification (D-MRV) systems to underpin future carbon ...",Monitor* AND Report* AND Verif* AND MRV AND soil*,4,2,SEO,No,pmiclimate,pmiclimate.org,2025-04-17,Germany
https://www.sciencedirect.com/science/article/abs/pii/S1462901122003768,"A monitoring, reporting and verification system for low ...","A monitoring, reporting and verification system for low ...
ScienceDirect.com
https://www.sciencedirect.com › pii
·
Traduire cette page
de B Perosa · 2023 · Cité 29 fois — Low carbon agriculture needs Monitoring Reporting and Verification (MRV) systems for measuring and reporting GHG emissions.",Monitor* AND Report* AND Verif* AND MRV AND soil*,4,3,SEO,No,sciencedirect,www.sciencedirect.com,2025-04-17,Germany
https://pubmed.ncbi.nlm.nih.gov/39213843/,"Solutions and insights for agricultural monitoring, reporting ...","Solutions and insights for agricultural monitoring, reporting ...
National Institutes of Health (NIH) (.gov)
https://pubmed.ncbi.nlm.nih.gov › ...
·
Traduire cette page
de CD Brummitt · Cité 3 fois — Solutions and insights for agricultural monitoring, reporting, and verification (MRV) from three consecutive issuances of soil carbon credits.",Monitor* AND Report* AND Verif* AND MRV AND soil*,4,4,SEO,No,nih,pubmed.ncbi.nlm.nih.gov,2025-04-17,Germany
https://figshare.com/articles/dataset/Dataset_Solutions_and_Insights_for_Agricultural_Monitoring_Reporting_and_Verification_MRV_from_Three_Consecutive_Issuances_of_Soil_Carbon_Credits/26831929,Dataset: Solutions and Insights for Agricultural Monitoring ...,"Dataset: Solutions and Insights for Agricultural Monitoring ...
Figshare
https://figshare.com › articles › dataset › Dataset_Soluti...
26 août 2024 — This repository contains the data shown in figures in the paper ""Solutions and Insights for Agricultural Monitoring, Reporting, and Verification (MRV)",Monitor* AND Report* AND Verif* AND MRV AND soil*,4,5,SEO,No,figshare,figshare.com,2025-04-17,Germany
https://www.researchgate.net/publication/380999053_Designing_Monitoring_Reporting_Verification_for_promoting_healthy_soils,Designing Monitoring Reporting Verification for promoting ...,"Designing Monitoring Reporting Verification for promoting ...
ResearchGate
https://www.researchgate.net › 38...
·
Traduire cette page
For this, Monitoring, Reporting and Verification (MRV) frameworks must be developed at various scales and based on 1) standardized, sound and economic sampling ...",Monitor* AND Report* AND Verif* AND MRV AND soil*,4,6,SEO,No,researchgate,www.researchgate.net,2025-04-17,Germany
https://www.youtube.com/watch?v=13sK_GoaiVk,Monitoring Reporting Verification (MRV) Methods for Soil ...,"Monitoring Reporting Verification (MRV) Methods for Soil ...
YouTube · CIRCASA Consortium
Plus de 3,3 k vues · il y a 5 ans
1:16:14
37:59 Go to channel Regen Network's Remote Sensing Methods for Soil Carbon Accounting Regen Network•6.9K views
10 moments clés dans cette vidéo",Monitor* AND Report* AND Verif* AND MRV AND soil*,4,7,SEO,No,youtube,www.youtube.com,2025-04-17,Germany
https://terramatchsupport.zendesk.com/hc/en-us/articles/13679133562395-Monitoring-Reporting-and-Verification-Process,"Monitoring, Reporting, and Verification Process","Monitoring, Reporting, and Verification Process
Zendesk
https://terramatchsupport.zendesk.com › ...
·
Traduire cette page
27 mars 2023 — Monitoring, Reporting, and Verification (MRV) on TerraMatch · For project developers to submit three types of reports (site, nursery, and project) ...",Monitor* AND Report* AND Verif* AND MRV AND soil*,4,8,SEO,No,zendesk,terramatchsupport.zendesk.com,2025-04-17,Germany
https://research.wur.nl/en/projects/monitoring-reporting-and-verification-of-soil-organic-carbon-and-,"Monitoring, Reporting and Verification of Soil Organic ...","Monitoring, Reporting and Verification of Soil Organic ...
WUR
https://research.wur.nl › projects
·
Traduire cette page
The proposed approach will help establish reliable and transparent C farming credits within a cost-effective monitoring, reporting, and verification (MRV) ...",Monitor* AND Report* AND Verif* AND MRV AND soil*,4,9,SEO,No,wur,research.wur.nl,2025-04-17,Germany
https://www.carbon-drawdown.de/blog/2023-5-17-monitoring-co2-concentrations-in-soil-gas-a-novel-mrv-approach-for-cropland-based-erw,Monitoring CO₂ Concentrations in Soil Gas: A Novel MRV ...,"Monitoring CO₂ Concentrations in Soil Gas: A Novel MRV ...
Carbon Drawdown Initiative
https://www.carbon-drawdown.de › ...
·
Traduire cette page
17 mai 2023 — This paper discusses the challenges we have faced in the past 2.5 years of field-experiments trying to measure the speed of Enhanced Rock Weathering (ERW) in ...",Monitor* AND Report* AND Verif* AND MRV AND soil*,4,10,SEO,No,carbon-drawdown,www.carbon-drawdown.de,2025-04-17,Germany
https://www.researchgate.net/publication/344433551_GSOC-MRV_Protocol_measurement_monitoring_reporting_and_verification_of_soil_organic_carbon_in_agricultural_landscapes,"GSOC-MRV Protocol measurement, monitoring, reporting ...","GSOC-MRV Protocol measurement, monitoring, reporting ...
ResearchGate
https://www.researchgate.net › 34...
·
Traduire cette page
30 sept. 2020 — We are listed contributors in an FAO-authored book: FAO. 2020. A protocol for measurement, monitoring, reporting and verification of soil ...",Monitor* AND Report* AND Verif* AND MRV AND soil*,5,1,SEO,No,researchgate,www.researchgate.net,2025-04-17,Germany
https://www.isric.org/sites/default/files/SuppInfo_S4_Sources_consulted_with_URLs.pdf,"1 'Towards a modular, multi-ecosystem Monitoring, ...","1 'Towards a modular, multi-ecosystem Monitoring, ...
ISRIC — World Soil Information
https://www.isric.org › sites › default › files › Su...
PDF
Towards a modular, multi-ecosystem Monitoring, Reporting and Verification (MRV) approach for soil organic carbon stock change assessment Carbon Management, (in ...",Monitor* AND Report* AND Verif* AND MRV AND soil*,5,2,SEO,No,isric,www.isric.org,2025-04-17,Germany
https://research.american.edu/carbonremoval/tag/reporting-and-verification-mrv/,Tag: reporting and verification (MRV),"Tag: reporting and verification (MRV)
American University
https://research.american.edu › rep...
·
Traduire cette page
21 nov. 2023 — Reershemium, et al., Initial Validation of a Soil-Based Mass-Balance Approach for Empirical Monitoring of Enhanced Rock Weathering Rates, ...",Monitor* AND Report* AND Verif* AND MRV AND soil*,5,3,SEO,No,american,research.american.edu,2025-04-17,Germany
https://dial.uclouvain.be/memoire/ucl/en/object/thesis%3A46424,"Cost comparison of different monitoring, reporting and ...","Cost comparison of different monitoring, reporting and ...
DIAL@UCLouvain
https://dial.uclouvain.be › object
·
Traduire cette page
de N Gayot — This model highlights the main cost factors of MRV systems and compare four types of monitoring, based respectively on decision-support tools, soil models, ...",Monitor* AND Report* AND Verif* AND MRV AND soil*,5,4,SEO,No,uclouvain,dial.uclouvain.be,2025-04-17,Germany
https://4430549.fs1.hubspotusercontent-na1.net/hubfs/4430549/05.%20Marketing%20Content/Thought%20Leadership%20and%20Whitepapers/What%20is%20an%20(M)MRV%20for%20Agriculture%2C%20and%20Why%20Do%20I%20Need%20One%3F.pdf,"What is an (M)MRV for Agriculture, and Why Do I Need One?","What is an (M)MRV for Agriculture, and Why Do I Need One?
hubspotusercontent-na1.net
https://4430549.fs1.hubspotusercontent-na1.net › ...
PDF
Direct soil sampling or soil carbon mapping tools. 4. Satellite imagery ... measurement, monitoring, reporting and verification advances. It's important ...",Monitor* AND Report* AND Verif* AND MRV AND soil*,5,5,SEO,No,hubspotusercontent-na1,4430549.fs1.hubspotusercontent-na1.net,2025-04-17,Germany
https://assets.publishing.service.gov.uk/media/616ff952e90e071975128214/mrv-ggrs-task-report.pdf,"Monitoring, Reporting and Verification of Greenhouse Gas ...","Monitoring, Reporting and Verification of Greenhouse Gas ...
GOV.UK
https://assets.publishing.service.gov.uk › media
PDF
Whilst there are complexities of MRV in the land sector, an approach would include calculating the baseline carbon stock at the start of a project by ...",Monitor* AND Report* AND Verif* AND MRV AND soil*,5,6,SEO,No,service,assets.publishing.service.gov.uk,2025-04-17,Germany
https://pureportal.ilvo.be/en/publications/monitoring-reporting-and-verification-mrv-for-carbon-farming/projects/?status=RUNNING,"Monitoring, Reporting and Verification (MRV) for carbon ...","Monitoring, Reporting and Verification (MRV) for carbon ...
Vlaanderen.be
https://pureportal.ilvo.be › projects
·
Traduire cette page
Monitoring, Reporting and Verification (MRV) for carbon farming · Projects · Search results.",Monitor* AND Report* AND Verif* AND MRV AND soil*,5,7,SEO,No,ilvo,pureportal.ilvo.be,2025-04-17,Germany
https://www2.cifor.org/swamp-resources/PDF/D2_MRV_wetlands.pdf,"Topic D2. Monitoring, Reporting and Verification (MRV) for ...","Topic D2. Monitoring, Reporting and Verification (MRV) for ...
cifor-icraf
https://www2.cifor.org › D2_MRV_wetlands
PDF
In general, measurements are expected to generate activity data. (AD) involving land-use change over a period of time, and emission factors (EF) indicating.",Monitor* AND Report* AND Verif* AND MRV AND soil*,5,8,SEO,No,cifor,www2.cifor.org,2025-04-17,Germany
https://www.academia.edu/30336061/Monitoring_Reporting_and_Verification_MRV_Systems_AFOLU_Emission_Offsets_on_a_Landscape_Scale_Monitoring_Reporting_and_Verification_Community_Markets_for_Conservation_Cornell_Center_for_a_Sustainable_Future_and_Ecoagriculture_Partners,"Monitoring, Reporting and Verification (MRV) Systems ...","Monitoring, Reporting and Verification (MRV) Systems ...
Academia.edu
https://www.academia.edu › Moni...
·
Traduire cette page
Cite this paper. MLAcontent_copy. Rodríguez, Patricia Casal. Monitoring, Reporting and Verification (MRV) Systems AFOLU Emission Offsets on a Landscape Scale ...",Monitor* AND Report* AND Verif* AND MRV AND soil*,5,9,SEO,No,academia,www.academia.edu,2025-04-17,Germany
https://colab.ws/articles/10.1016%2Fj.jenvman.2024.122284,"Solutions and insights for agricultural monitoring, reporting ...","Solutions and insights for agricultural monitoring, reporting ...
colab.ws
https://colab.ws › articles › j.jenv...
·
Traduire cette page
1 oct. 2024 — ... monitoring, reporting, and verification (MRV) pipeline to produce agricultural soil carbon credits produced at large scales (hundreds of ...",Monitor* AND Report* AND Verif* AND MRV AND soil*,5,10,SEO,No,colab,colab.ws,2025-04-17,Germany
https://www.iisd.org/system/files/publications/mrv_bibliography.pdf,"Measurement, Reporting and Verification: A note on the ...","Measurement, Reporting and Verification: A note on the ...
International Institute for Sustainable Development
https://www.iisd.org › files › mrv_bibliography
PDF
Measurement, reporting and verification (MRV) is included in the. Cancun ... various monitoring, reporting, validation and verification activities, including ...",Monitor* AND Report* AND Verif* AND MRV AND soil*,6,1,SEO,No,iisd,www.iisd.org,2025-04-17,Germany
https://ejpsoil.eu/soil-research/second-external-call-international-call,Second External Call - International Call,"Second External Call - International Call
EJP SOIL
https://ejpsoil.eu › ... › Research
·
Traduire cette page
This includes the appropriate monitoring, reporting and verification (MRV) platforms for soil organic carbon (SOC) to enhance preparedness and commitment of ...",Monitor* AND Report* AND Verif* AND MRV AND soil*,6,2,SEO,No,ejpsoil,ejpsoil.eu,2025-04-17,Germany
https://www.wur.nl/en/value-creation-cooperation/redd-research-network-for-science-policy-and-services/expertise/monitoring-reporting-and-verification-mrv-1.htm,"Monitoring, reporting and verification (MRV)","Monitoring, reporting and verification (MRV)
WUR
https://www.wur.nl › ... › Expertise
·
Traduire cette page
'This demands monitoring, reporting and verification (MRV) systems,' explains Martin Herold, Professor of Remote sensing at the Laboratory for Geo-Information ...",Monitor* AND Report* AND Verif* AND MRV AND soil*,6,3,SEO,No,wur,www.wur.nl,2025-04-17,Germany
https://aider.com.pe/wp-content/uploads/2023/03/Propuesta-de-MRV-ingles.pdf,"AGROFORESTRY MONITORING, REPORTING AND ... - AIDER","AGROFORESTRY MONITORING, REPORTING AND ... - AIDER
aider.com.pe
https://aider.com.pe › Propuesta-de-MRV-ingles
PDF
Agroforestry Monitoring, Reporting and Verification (MRV) Proposal: its contribution to ... Figure 4. MRV's land use change reporting process. Land use change.",Monitor* AND Report* AND Verif* AND MRV AND soil*,6,4,SEO,No,aider,aider.com.pe,2025-04-17,Germany
https://www.project-marvic.eu/news/reliable_monitoring_of_carbon_sequestration,Reliable and cost-effective monitoring of carbon ...,"Reliable and cost-effective monitoring of carbon ...
MARVIC project
https://www.project-marvic.eu › rel...
·
Traduire cette page
In other words, how can we efficiently monitor, report and verify (MRV) changes in soil carbon stocks and greenhouse gas (GHG) emissions from soil? These ...",Monitor* AND Report* AND Verif* AND MRV AND soil*,6,5,SEO,No,project-marvic,www.project-marvic.eu,2025-04-17,Germany
https://www.forestcarbonpartnership.org/measurement-reporting-and-verification-mrv,"Measurement, Reporting and Verification (MRV)","Measurement, Reporting and Verification (MRV)
Forest Carbon Partnership Facility
https://www.forestcarbonpartnership.org › ...
·
Traduire cette page
Measurement, Reporting and Verification (MRV) · REDD+ Nesting · Options for Conserving Stable Forests · Remote Sensing-based Estimation of Forest Carbon Stocks and ...",Monitor* AND Report* AND Verif* AND MRV AND soil*,6,6,SEO,No,forestcarbonpartnership,www.forestcarbonpartnership.org,2025-04-17,Germany
https://www.senken.io/glossary/mrv-and-digital-mrv,"MRV and Digital MRV (Monitoring, Reporting, and ...","MRV and Digital MRV (Monitoring, Reporting, and ...
Senken
https://www.senken.io › glossary › mrv-and-digital-mrv
5 févr. 2024 — MRV stands for Monitoring, Reporting, and Verification. It is one of the cornerstones of environmental management.",Monitor* AND Report* AND Verif* AND MRV AND soil*,6,7,SEO,No,senken,www.senken.io,2025-04-17,Germany
https://theoutcomesfund.com/in-the-news/mrv-role-swof,Building Trust: The Role of MRV in the Soil and Water ...,"Building Trust: The Role of MRV in the Soil and Water ...
Soil and Water Outcomes Fund
https://theoutcomesfund.com › mr...
·
Traduire cette page
9 oct. 2024 — Monitoring, Reporting, and Verification (MRV) helps ensure enrolled farmers are producing environmental outcomes that can be quantified and ...",Monitor* AND Report* AND Verif* AND MRV AND soil*,6,8,SEO,No,theoutcomesfund,theoutcomesfund.com,2025-04-17,Germany
https://unfccc.int/sites/default/files/resource/UNFCCC%20Webinar%20on%20SOC-session%204.pdf,UNFCCC Webinar on Soil Organic,"UNFCCC Webinar on Soil Organic
UNFCCC
https://unfccc.int › sites › default › files › resource
PDF
“MRV stands for Measurement/Monitoring, Reporting, and Verification. This term is used in diverse contexts, but most frequently in the context of greenhouse ...",Monitor* AND Report* AND Verif* AND MRV AND soil*,6,9,SEO,No,unfccc,unfccc.int,2025-04-17,Germany
"https://publications.ieaghg.org/technicalreports/2024-09%20Measurement,%20reporting%20and%20verification%20of%20CDR.pdf","Measurement, reporting and verification (MRV) and ...","Measurement, reporting and verification (MRV) and ...
IEAGHG
https://publications.ieaghg.org › technicalreports
PDF
For CDR methods such as soil organic carbon (SOC), enhanced weathering (EW) and ocean- based CDR, challenges persist for monitoring CO2 flux rates, carbon (C) ...",Monitor* AND Report* AND Verif* AND MRV AND soil*,6,10,SEO,No,ieaghg,publications.ieaghg.org,2025-04-17,Germany
https://www.icos-cp.eu/fluxes/3,MRV: A critical tool for tracking emissions and accelerating ...,"MRV: A critical tool for tracking emissions and accelerating ...
ICOS - Integrated Carbon Observation System
https://www.icos-cp.eu › fluxes
·
Traduire cette page
Monitoring, Reporting and Verification (MRV) systems could provide the answer. Frederik Pische and Dirk Gunther · The Greenhouse Gas Inventories - calculating ...",Monitor* AND Report* AND Verif* AND MRV AND soil*,7,1,SEO,No,icos-cp,www.icos-cp.eu,2025-04-17,Germany
https://www.natural-solutions.world/blog/biodiversity-measurement-reporting-and-verification-mrv,"Biodiversity Measurement, Reporting, and Verification (MRV)","Biodiversity Measurement, Reporting, and Verification (MRV)
natural-solutions.world
https://www.natural-solutions.world › ...
·
Traduire cette page
2 sept. 2024 — Biodiversity Measurement, Reporting, and Verification (MRV) systems are becoming the backbone of global efforts to protect our planet's rich ...",Monitor* AND Report* AND Verif* AND MRV AND soil*,7,2,SEO,No,natural-solutions,www.natural-solutions.world,2025-04-17,Germany
https://blog.eagronom.com/how-do-i-get-carbon-credits-mrv,"How do I get carbon credits? MRV: Measurement, reporting ...","How do I get carbon credits? MRV: Measurement, reporting ...
eAgronom
https://blog.eagronom.com › how...
·
Traduire cette page
22 juin 2022 — A protocol for measurement, monitoring, reporting and verification of soil organic carbon in agricultural landscapes – GSOC-MRV Protocol.",Monitor* AND Report* AND Verif* AND MRV AND soil*,7,3,SEO,No,eagronom,blog.eagronom.com,2025-04-17,Germany
https://www.climatelinks.org/projects/low-emissions-opportunities-agriculture/measurement-reporting-and-verification-emissions-and-mitigation-livestock-and-agroforestry,"Measurement, Reporting and Verification for Emissions ...","Measurement, Reporting and Verification for Emissions ...
Climatelinks
https://www.climatelinks.org › me...
·
Traduire cette page
... reporting and verification (MRV) of climate change mitigation actions in the agriculture sector ... . Info Note: Monitoring, reporting and verification of ...",Monitor* AND Report* AND Verif* AND MRV AND soil*,7,4,SEO,No,climatelinks,www.climatelinks.org,2025-04-17,Germany
https://wwflac.awsassets.panda.org/downloads/a_guide_to_community_based_monitoring__reporting_and_verification___final_design.pdf,"A GUIDE TO COMMUNITY-BASED MONITORING, ...","A GUIDE TO COMMUNITY-BASED MONITORING, ...
Panda.org
https://wwflac.awsassets.panda.org › downloads
PDF
Monitoring, Reporting and Verification (MRV) at the community level is an ... Ground-verification. Ground-truthing of forest changes detected by satellite ...",Monitor* AND Report* AND Verif* AND MRV AND soil*,7,5,SEO,No,panda,wwflac.awsassets.panda.org,2025-04-17,Germany
https://www.ceh.ac.uk/sites/default/files/2024-10/Saltmarsh-Code-MRV-section-v4c.pdf,"Monitoring, Reporting, and Verification","Monitoring, Reporting, and Verification
UK Centre for Ecology & Hydrology
https://www.ceh.ac.uk › sites › default › files › Sal...
PDF
Soil carbon accumulation is modelled by first fitting a standard curve to sediment accretion estimates, comprised of an exponential component (representing a ...",Monitor* AND Report* AND Verif* AND MRV AND soil*,7,6,SEO,No,ceh,www.ceh.ac.uk,2025-04-17,Germany
https://www.soilcapital.com/news/everything-about-soil-capitals-carbon-certificates,Everything about Soil Capital's Regen Ag transition ...,"Everything about Soil Capital's Regen Ag transition ...
Soil Capital
https://www.soilcapital.com › news
·
Traduire cette page
2 août 2023 — Monitoring, Reporting, and Verification (MRV)1 methodology. MRV is what warrants the environmental impact of a specific mitigation activity ...",Monitor* AND Report* AND Verif* AND MRV AND soil*,7,7,SEO,No,soilcapital,www.soilcapital.com,2025-04-17,Germany
https://tracextech.com/dmrv-solutions-for-carbon-credit-verification/,DMRV Solutions for Efficient Carbon Credit Verification,"DMRV Solutions for Efficient Carbon Credit Verification
TraceX Technologies
https://tracextech.com › dmrv-sol...
·
Traduire cette page
18 oct. 2024 — Traditional methods of monitoring, reporting, and verification (MRV) are often slow, complicated, and costly. For small projects, it can feel ...",Monitor* AND Report* AND Verif* AND MRV AND soil*,7,8,SEO,No,tracextech,tracextech.com,2025-04-17,Germany
https://documents1.worldbank.org/curated/en/099605006272210909/pdf/IDU0ca02ce8009a2404bb70bb6d0233b54ffad5e.pdf,"Digital Monitoring, Reporting, and Verification Systems and ...","Digital Monitoring, Reporting, and Verification Systems and ...
World Bank
https://documents1.worldbank.org › curated › pdf
PDF
14 juin 2022 — Emerging digital technologies offer many advantages when leveraged by a D-MRV system. Forestry and land-use activities, for example, can be ...",Monitor* AND Report* AND Verif* AND MRV AND soil*,7,9,SEO,No,worldbank,documents1.worldbank.org,2025-04-17,Germany
https://transparency-partnership.net/sites/default/files/mrv_101_0.pdf,"MRV 101: UNDERSTANDING MEASUREMENT, ...","MRV 101: UNDERSTANDING MEASUREMENT, ...
Partnership on Transparency in the Paris Agreement
https://transparency-partnership.net › default › files
PDF
de N SINGH · Cité 61 fois — MRV of mitigation actions includes estimating, reporting, and verifying their GHG and sustainable development effects, as well as monitoring their ...",Monitor* AND Report* AND Verif* AND MRV AND soil*,7,10,SEO,No,transparency-partnership,transparency-partnership.net,2025-04-17,Germany
https://www.ird.fr/sites/ird_fr/files/2023-11/Policy%20brief%20-%20COP%2028%20-%20Healthy%20soils.pdf,POLICY BRIEF,"POLICY BRIEF
Site Web IRD
https://www.ird.fr › sites › ird_fr › files › Policy b...
PDF
Monitoring, reporting and verification (MRV) methodologies are needed to ... Soil health is the continued capacity of soils to function as a vital living.",Monitor* AND Report* AND Verif* AND MRV AND soil*,8,1,SEO,No,ird,www.ird.fr,2025-04-17,Germany
https://www.slideshare.net/slideshow/module-4measurementreportingandverificationmrvforafolunamalearningtoolnam-asinag62015/48756222,"Module 4: Measurement, Reporting and Verification (MRV ...","Module 4: Measurement, Reporting and Verification (MRV ...
SlideShare
https://www.slideshare.net › modul...
·
Traduire cette page
29 mai 2015 — Module 4: Measurement, Reporting and Verification (MRV) for an AFOLU NAMA – the FAO Learning tool on Nationally Appropriate Mitigation ...",Monitor* AND Report* AND Verif* AND MRV AND soil*,8,2,SEO,No,slideshare,www.slideshare.net,2025-04-17,Germany
https://www.un-redd.org/sites/default/files/2021-10/MRV_framework.pdf,redd+ in indonesia,"redd+ in indonesia
UNREDD Programme
https://www.un-redd.org › MRV_framework
PDF
1.2 INFORMATION, MONITORING & MEASUREMENT, REPORTING AND VERIFICATION (MRV) FOR ... A stratification of the forest land area to identify and monitor areas of land ...",Monitor* AND Report* AND Verif* AND MRV AND soil*,8,3,SEO,No,un-redd,www.un-redd.org,2025-04-17,Germany
https://www.agmrv.org/knowledge-portal/resources/gsoc-mrv-protocol/,GSOC MRV Protocol,"GSOC MRV Protocol
MRV Platform for Agriculture
https://www.agmrv.org › resources
·
Traduire cette page
22 sept. 2020 — The GSOC MRV Protocol is a protocol for measurement, monitoring, reporting and verification of soil organic carbon in agricultural landscapes.",Monitor* AND Report* AND Verif* AND MRV AND soil*,8,4,SEO,No,agmrv,www.agmrv.org,2025-04-17,Germany
https://gtr.ukri.org/projects?ref=NE%2FV003259%2F1,"Dynamic monitoring, reporting and verification ...","Dynamic monitoring, reporting and verification ...
UK Research and Innovation (UKRI)
https://gtr.ukri.org › projects
·
Traduire cette page
To operationalize the MRV system, we will collect and process sensor information from the field, land scape level sensors and national scale (Satellite data) ...",Monitor* AND Report* AND Verif* AND MRV AND soil*,8,5,SEO,No,ukri,gtr.ukri.org,2025-04-17,Germany
https://co2re.org/mrv-workshop-blog/,"Unlocking the challenges of Monitoring, Reporting and ...","Unlocking the challenges of Monitoring, Reporting and ...
CO₂RE - The Greenhouse Gas Removal Hub
https://co2re.org › mrv-workshop-...
·
Traduire cette page
17 nov. 2023 — Without accurate and transparent systems of monitoring, reporting and verification (MRV), it is not possible to track the deployment and ...",Monitor* AND Report* AND Verif* AND MRV AND soil*,8,6,SEO,No,co2re,co2re.org,2025-04-17,Germany
https://www.farmcloud.eu/en/blog/mrv-system-for-iung-institute,Case study: Implementation of a system for MRV for the ...,"Case study: Implementation of a system for MRV for the ...
farmcloud.eu
https://www.farmcloud.eu › blog
·
Traduire cette page
16 janv. 2025 — IUNG has received a set of monitoring, reporting and verification (MRV) functions in a single product which significantly facilitates the ...",Monitor* AND Report* AND Verif* AND MRV AND soil*,8,7,SEO,No,farmcloud,www.farmcloud.eu,2025-04-17,Germany
https://kanop.io/,Data Analytics for Nature-based Solutions - Environmental ...,"Data Analytics for Nature-based Solutions - Environmental ...
Kanop
https://kanop.io
·
Traduire cette page
Access comprehensive data services for due diligence, design, and Monitoring, Reporting and Verification (MRV) of nature-based projects.",Monitor* AND Report* AND Verif* AND MRV AND soil*,8,8,SEO,No,kanop,kanop.io,2025-04-17,Germany
https://business.esa.int/projects/eo4carbonfarming,EO4CarbonFarming,"EO4CarbonFarming
ESA Space Solutions
https://business.esa.int › projects
·
Traduire cette page
28 mars 2025 — ... monitoring, reporting and verification ... The EO4CarbonFarming MRV Tool includes functionalities to monitor the carbon in plant and soil ...",Monitor* AND Report* AND Verif* AND MRV AND soil*,8,9,SEO,No,esa,business.esa.int,2025-04-17,Germany
https://irc-orcasa.eu/newsevents/taking-stock-of-the-soil-carbon-irc-journey-1-year-in/,Taking stock of the Soil Carbon IRC journey - One year in,"Taking stock of the Soil Carbon IRC journey - One year in
irc-orcasa.eu
https://irc-orcasa.eu › newsevents
·
Traduire cette page
A harmonised Monitoring, Reporting, and Verification (MRV) framework; An aligned Strategic Research & Innovation Agenda (SRIA). Below are some highlights ...",Monitor* AND Report* AND Verif* AND MRV AND soil*,8,10,SEO,No,irc-orcasa,irc-orcasa.eu,2025-04-17,Germany
https://eartharxiv.org/repository/view/6376/,A Novel MRV Approach for Cropland-Based ERW?,"A Novel MRV Approach for Cropland-Based ERW?
EarthArXiv
https://eartharxiv.org › view
·
Traduire cette page
de D Paessler · 2023 · Cité 3 fois — ... soil water and monitoring with electronic pH and EC soil sensors. ... MRV (monitoring, reporting and verification) of ERW. This approach ...",Monitor* AND Report* AND Verif* AND MRV AND soil*,9,1,SEO,No,eartharxiv,eartharxiv.org,2025-04-17,Germany
https://onlinelibrary.wiley.com/doi/10.1111/gcb.14815,"How to measure, report and verify soil carbon change ...","How to measure, report and verify soil carbon change ...
Wiley Online Library
https://onlinelibrary.wiley.com › ...
·
Traduire cette page
de P Smith · 2020 · Cité 620 fois — Since SOC content of soils cannot be easily measured, a key barrier to implementing programmes to increase SOC at large scale, is the need for ...",Monitor* AND Report* AND Verif* AND MRV AND soil*,9,2,SEO,No,wiley,onlinelibrary.wiley.com,2025-04-17,Germany
https://soils.org.uk/wp-content/uploads/2023/06/BSSS_Science-Note_June-23_Soil-Carbon-Stocks_FINAL-DIGITAL_300623.pdf,What are carbon stocks and how can they be measured?,"What are carbon stocks and how can they be measured?
British Society of Soil Science
https://soils.org.uk › uploads › 2023/06 › BSSS_...
PDF
1 juin 2023 — ... monitoring, reporting and verification (MRV). ... What techniques are used to monitor, report and verify the carbon stock in the soil?",Monitor* AND Report* AND Verif* AND MRV AND soil*,9,3,SEO,No,soils,soils.org.uk,2025-04-17,Germany
https://www.undp.org/sites/g/files/zskgke326/files/2023-03/undp-georgia-eu4climate-mrv%20framework-lulucf-assessment%20report%202022-eng.pdf,strengthening of the national ghg inventory system,"strengthening of the national ghg inventory system
United Nations Development Programme
https://www.undp.org › files › zskgke326 › files
PDF
REPORTING AND VERIFICATION OF LAND USE, LAND-USE. CHANGE AND FORESTRY ... ceptual framework for monitoring, reporting and verification (MRV) of LULUCF sec-.",Monitor* AND Report* AND Verif* AND MRV AND soil*,9,4,SEO,No,undp,www.undp.org,2025-04-17,Germany
https://globalresearchalliance.org/wp-content/uploads/2020/10/Smith-et-al-2020.pdf,"How to measure, report and verify soil carbon change to ...","How to measure, report and verify soil carbon change to ...
Global Research Alliance
https://globalresearchalliance.org › 2020/10 › S...
PDF
de P Smith · 2019 · Cité 620 fois — measurement, monitoring, MRV, reporting, soil organic carbon, soil organic matter, verification. Page 3. | 221. SMITH eT al. measurements. This ...",Monitor* AND Report* AND Verif* AND MRV AND soil*,9,5,SEO,No,globalresearchalliance,globalresearchalliance.org,2025-04-17,Germany
https://trellis.net/article/what-it-takes-get-clarity-soil-carbon/,What it takes to get clarity on soil carbon,"What it takes to get clarity on soil carbon
Trellis Group
https://trellis.net › article › what-it...
·
Traduire cette page
20 juil. 2023 — Most MRV (monitoring, reporting and verification) solutions for quantifying the climate impacts of regenerative practices rely on estimation ...",Monitor* AND Report* AND Verif* AND MRV AND soil*,9,6,SEO,No,trellis,trellis.net,2025-04-17,Germany
https://climateactiontransparency.org/resources/belize-report-on-gaps-in-data-and-information-and-appropriate-institution-to-monitor-identified-missing-impact-and-progress-indicators/,Report Describing Existing MRV Mechanisms in Relevant,"Report Describing Existing MRV Mechanisms in Relevant
climateactiontransparency.org
https://climateactiontransparency.org › resources
PDF
9 sept. 2021 — enhancing its national Monitoring, Reporting, and Verification (MRV) system to track the ... on historical and present land-use change and to also ...",Monitor* AND Report* AND Verif* AND MRV AND soil*,9,7,SEO,No,climateactiontransparency,climateactiontransparency.org,2025-04-17,Germany
https://www.seqana.com/,Seqana: Leading in Soil Carbon MRV and cost-efficient ...,"Seqana: Leading in Soil Carbon MRV and cost-efficient ...
Seqana
https://www.seqana.com
·
Traduire cette page
... soil carbon monitoring, reporting, and verification (MRV) tools for regenerative agriculture. We enable change-makers to combat the effects of climate ...",Monitor* AND Report* AND Verif* AND MRV AND soil*,9,8,SEO,No,seqana,www.seqana.com,2025-04-17,Germany
https://forestry.gov.gy/wp-content/uploads/2018/05/MRVS-Interim-Measures-Report-Year-6-Version-3.pdf,Guyana REDD+ Monitoring Reporting & Verification ...,"Guyana REDD+ Monitoring Reporting & Verification ...
Guyana Forestry Commission
https://forestry.gov.gy › uploads › 2018/05 › MR...
PDF
The overall objective of the Roadmap Phase 2 is to consolidate and expand capacities for national REDD+ monitoring and MRV. ... The CRF tables report land use ...",Monitor* AND Report* AND Verif* AND MRV AND soil*,9,9,SEO,No,forestry,forestry.gov.gy,2025-04-17,Germany
https://unjobs.org/vacancies/1742402989023,"Monitoring, Reporting and Verification (MRV) Officer, Remote","Monitoring, Reporting and Verification (MRV) Officer, Remote
UNjobs
https://unjobs.org › vacancies
·
Traduire cette page
Monitoring, Reporting and Verification (MRV) Officer, Remote · Develop a strong understanding of Preferred by Nature's regenerative agriculture strategy and LENs ...",Monitor* AND Report* AND Verif* AND MRV AND soil*,9,10,SEO,No,unjobs,unjobs.org,2025-04-17,Germany
https://www.youtube.com/watch?v=BQh9XTR_Ww4,Advanced MRV for Soil Carbon,"Advanced MRV for Soil Carbon
YouTube · Commonland
Plus de 430 vues · il y a 1 an
1:33:24
... monitoring, reporting, and verification (MRV) of carbon projects is more important than ever. Without them, soil carbon projects cannot ...
10 moments clés dans cette vidéo",Monitor* AND Report* AND Verif* AND MRV AND soil*,10,1,SEO,No,youtube,www.youtube.com,2025-04-17,Germany
https://journals.plos.org/plosone/article?id=10.1371/journal.pone.0146038,"Moving from Measuring, Reporting, Verification (MRV) of ...","Moving from Measuring, Reporting, Verification (MRV) of ...
PLOS
https://journals.plos.org › article
·
Traduire cette page
de MK McCall · 2016 · Cité 32 fois — Moving from Measuring, Reporting, Verification (MRV) of Forest Carbon to Community Mapping, Measuring, Monitoring (MMM): Perspectives from ...",Monitor* AND Report* AND Verif* AND MRV AND soil*,10,2,SEO,No,plos,journals.plos.org,2025-04-17,Germany
https://afr100.org/sites/default/files/TerraFund%20MRV%20Final%20February%202023%20FINAL%203.6.2023.pdf,"TERRAFUND FOR AFR100 HOW WE MONITOR, REPORT ...","TERRAFUND FOR AFR100 HOW WE MONITOR, REPORT ...
AFR100
https://afr100.org › sites › default › files › TerraF...
PDF
9 févr. 2023 — 34 | TERRAFUND: HOW WE MONITOR, REPORT AND VERIFY (MRV). 3 REPORT ... Trees are adjusted to pink to contrast with the ground. 4 Gathering info ...",Monitor* AND Report* AND Verif* AND MRV AND soil*,10,3,SEO,No,afr100,afr100.org,2025-04-17,Germany
https://agrocares.com/carbon/,Carbon,"Carbon
AgroCares
https://agrocares.com › carbon
·
Traduire cette page
Measurement, reporting, and verification (MRV) are the cornerstones of a sound monitoring framework. ... Only when the reported farming data is verified can the ...",Monitor* AND Report* AND Verif* AND MRV AND soil*,10,4,SEO,No,agrocares,agrocares.com,2025-04-17,Germany
https://www.irri.org/news-and-events/news/theory-action-%E2%80%93-agriculture%E2%80%99s-call-implement-mrv-accurate-climate-reporting,Agriculture's call to implement MRV for accurate climate ...,"Agriculture's call to implement MRV for accurate climate ...
International Rice Research Institute
https://www.irri.org › ... › News
·
Traduire cette page
28 oct. 2024 — There are significant challenges in implementing Monitoring, Reporting, and Verification (MRV) systems, including a lack of farm-level data, ...",Monitor* AND Report* AND Verif* AND MRV AND soil*,10,5,SEO,No,irri,www.irri.org,2025-04-17,Germany
https://tracextech.com/how-environmental-ngos-can-leverage-digital-mrv-tools/,How Environmental NGOs Can Leverage Digital MRV Tools,"How Environmental NGOs Can Leverage Digital MRV Tools
TraceX Technologies
https://tracextech.com › how-envi...
·
Traduire cette page
4 avr. 2024 — MRV, or Monitoring, Reporting, and Verification, entails tracking and quantifying the amount of CO2e (carbon dioxide equivalent) reduced or ...",Monitor* AND Report* AND Verif* AND MRV AND soil*,10,6,SEO,No,tracextech,tracextech.com,2025-04-17,Germany
https://carbon180.org/blog/the-araci-act-will-tackle-hurdles-to-scaling-land-based-carbon-removal/,A new soil carbon bill breaks ground,"A new soil carbon bill breaks ground
Carbon180
https://carbon180.org › blog › th...
·
Traduire cette page
11 juil. 2023 — Monitoring, reporting and verification (MRV): Develop the measurement tools necessary to pay farmers and account for climate benefits (you can't ...",Monitor* AND Report* AND Verif* AND MRV AND soil*,10,7,SEO,No,carbon180,carbon180.org,2025-04-17,Germany
https://terramatchsupport.zendesk.com/hc/en-us/articles/21178354112539-The-TerraFund-Monitoring-Reporting-and-Verification-Framework,"The TerraFund Monitoring, Reporting, and Verification ...","The TerraFund Monitoring, Reporting, and Verification ...
Zendesk
https://terramatchsupport.zendesk.com › ...
·
Traduire cette page
14 mai 2024 — The data supporting TerraFund MRV comes from a few different sources: project reports, remote sensing methods, field monitoring methods, and ...",Monitor* AND Report* AND Verif* AND MRV AND soil*,10,8,SEO,No,zendesk,terramatchsupport.zendesk.com,2025-04-17,Germany
https://www.proterrafoundation.org/wp-content/uploads/2024/01/ProTerra-MRV-Standard-v1.0_EN-1.pdf,ProTerra Monitoring and Verification Standard,"ProTerra Monitoring and Verification Standard
ProTerra Foundation
https://www.proterrafoundation.org › 2024/01
PDF
4 janv. 2024 — To receive a verification statement of the ProTerra MRV Standard an organisation must be compliant with the management system require- ments ...",Monitor* AND Report* AND Verif* AND MRV AND soil*,10,9,SEO,No,proterrafoundation,www.proterrafoundation.org,2025-04-17,Germany
https://www.mdpi.com/2071-1050/13/16/9105,"Earth Observation for Monitoring, Reporting, and ...","Earth Observation for Monitoring, Reporting, and ...
MDPI
https://www.mdpi.com › ...
·
Traduire cette page
de A Andries · 2021 · Cité 12 fois — The precision in time and resolution for assessing areas of land, as demonstrated in this research, clearly offer huge potential as primary evidence for the MRV ...",Monitor* AND Report* AND Verif* AND MRV AND soil*,10,10,SEO,No,mdpi,www.mdpi.com,2025-04-17,Germany
